-- MySQL dump 10.13  Distrib 8.0.36, for Win64 (x86_64)
--
-- Host: localhost    Database: demo_ekz
-- ------------------------------------------------------
-- Server version	8.0.36

/*!40101 SET @OLD_CHARACTER_SET_CLIENT=@@CHARACTER_SET_CLIENT */;
/*!40101 SET @OLD_CHARACTER_SET_RESULTS=@@CHARACTER_SET_RESULTS */;
/*!40101 SET @OLD_COLLATION_CONNECTION=@@COLLATION_CONNECTION */;
/*!50503 SET NAMES utf8 */;
/*!40103 SET @OLD_TIME_ZONE=@@TIME_ZONE */;
/*!40103 SET TIME_ZONE='+00:00' */;
/*!40014 SET @OLD_UNIQUE_CHECKS=@@UNIQUE_CHECKS, UNIQUE_CHECKS=0 */;
/*!40014 SET @OLD_FOREIGN_KEY_CHECKS=@@FOREIGN_KEY_CHECKS, FOREIGN_KEY_CHECKS=0 */;
/*!40101 SET @OLD_SQL_MODE=@@SQL_MODE, SQL_MODE='NO_AUTO_VALUE_ON_ZERO' */;
/*!40111 SET @OLD_SQL_NOTES=@@SQL_NOTES, SQL_NOTES=0 */;

--
-- Table structure for table `__efmigrationshistory`
--

DROP TABLE IF EXISTS `__efmigrationshistory`;
/*!40101 SET @saved_cs_client     = @@character_set_client */;
/*!50503 SET character_set_client = utf8mb4 */;
CREATE TABLE `__efmigrationshistory` (
  `MigrationId` varchar(150) CHARACTER SET utf8mb4 COLLATE utf8mb4_0900_ai_ci NOT NULL,
  `ProductVersion` varchar(32) CHARACTER SET utf8mb4 COLLATE utf8mb4_0900_ai_ci NOT NULL,
  PRIMARY KEY (`MigrationId`)
) ENGINE=InnoDB DEFAULT CHARSET=utf8mb4 COLLATE=utf8mb4_0900_ai_ci;
/*!40101 SET character_set_client = @saved_cs_client */;

--
-- Dumping data for table `__efmigrationshistory`
--

LOCK TABLES `__efmigrationshistory` WRITE;
/*!40000 ALTER TABLE `__efmigrationshistory` DISABLE KEYS */;
INSERT INTO `__efmigrationshistory` VALUES ('20240312145957_Initial','7.0.16'),('20240314203439_NotifcationTimeStamp','7.0.16');
/*!40000 ALTER TABLE `__efmigrationshistory` ENABLE KEYS */;
UNLOCK TABLES;

--
-- Table structure for table `application`
--

DROP TABLE IF EXISTS `application`;
/*!40101 SET @saved_cs_client     = @@character_set_client */;
/*!50503 SET character_set_client = utf8mb4 */;
CREATE TABLE `application` (
  `id_application` int NOT NULL AUTO_INCREMENT,
  `date_addition` date DEFAULT NULL,
  `name_equipment` varchar(45) DEFAULT NULL,
  `id_type_problem` int DEFAULT NULL,
  `comment` text,
  `status` varchar(45) DEFAULT NULL,
  `name_client` varchar(45) DEFAULT NULL,
  `cost` decimal(10,2) DEFAULT NULL,
  `date_end` date DEFAULT NULL,
  `time_work` time DEFAULT NULL,
  `id_employee` int DEFAULT NULL,
  `work_status` varchar(45) DEFAULT NULL,
  `period_execution` date DEFAULT NULL COMMENT 'предварительная дата завершения',
  `id_type_equipment` int DEFAULT NULL,
  `number` int DEFAULT NULL COMMENT 'серийный номер',
  `description` text,
  PRIMARY KEY (`id_application`),
  KEY `Fk_IdStageWork_idx` (`work_status`),
  KEY `Fk_IdEmployee_idx` (`id_employee`),
  KEY `Fk_id_type_problem_idx` (`id_type_problem`),
  KEY `Fk_id_type_equipment_idx` (`id_type_equipment`),
  CONSTRAINT `Fk_id_employee` FOREIGN KEY (`id_employee`) REFERENCES `user` (`id_user`),
  CONSTRAINT `Fk_id_type_equipment` FOREIGN KEY (`id_type_equipment`) REFERENCES `type_equipment` (`id_type_equipment`),
  CONSTRAINT `Fk_id_type_problem` FOREIGN KEY (`id_type_problem`) REFERENCES `type_problem` (`id_type_problemt`)
) ENGINE=InnoDB AUTO_INCREMENT=18 DEFAULT CHARSET=utf8mb4 COLLATE=utf8mb4_0900_ai_ci;
/*!40101 SET character_set_client = @saved_cs_client */;

--
-- Dumping data for table `application`
--

LOCK TABLES `application` WRITE;
/*!40000 ALTER TABLE `application` DISABLE KEYS */;
INSERT INTO `application` VALUES (1,'2024-02-05','Asus ноутбук',1,'Исполнитель соник','В ожидании','Клиент1',5200.00,'2024-03-17','03:45:00',9,'Выполнено','2024-02-10',1,84659,'Залипла кнопка ESC.'),(2,'2024-02-06','Samsung холодильник',2,'Куплена ручка холодильника, крепление ручки. Причина: износ','Выполнено','Клиент2',1400.00,'2024-03-15','03:45:00',9,'Выполнено','2024-02-11',2,93765,'Оторвана ручка'),(3,'2024-02-07','Apple телефон',2,'Куплено матрица камеры, стекло камеры, клей. Причина: сильный удар.','В ожидании','Клиент3',3700.00,'2024-03-15','03:45:00',5,'Выполнено','2024-02-12',3,82545,'Разбито стекло камеры'),(4,'2024-02-07','J200 утюг',2,NULL,'В работе','Клиент4',0.00,'2024-03-15','03:45:00',6,'Не выполнено','2024-02-12',4,98263,'Поврежден кабель питания'),(5,'2024-02-09','LG стиральная машина',3,NULL,'В работе','Клиент5',0.00,'2024-03-15','03:45:00',7,'Не выполнено','2024-02-14',5,48576,'Не включается'),(6,'2024-02-10','LG телевизор',3,NULL,'В работе','Клиент6',0.00,NULL,'03:45:00',8,'В работе','2024-02-15',6,95683,'Горит белый экран'),(7,'2024-02-12','Minitech микроволновка',5,NULL,'В ожидании','Клиент7',0.00,NULL,'03:45:00',9,'В работе','2024-02-17',7,57902,'Периодически не греет'),(8,'2024-02-13','Sony приставка',5,NULL,'В ожидании','Клиент8',0.00,NULL,'00:00:00',10,'В работе','2024-02-18',8,34759,'Периодически выключается'),(9,'2024-02-14','Dayson фен',5,NULL,'В ожидании','Клиент9',0.00,NULL,'03:45:00',3,'Не выполнено','2024-02-19',9,59237,'Периодически не греет'),(10,'2024-02-15','Apple плашнет',4,NULL,'В ожидании','Клиент10',0.00,'2024-03-29','00:00:00',4,'Выполнено','2024-02-20',10,48507,'Не включается'),(12,'2024-03-13','Телефон redmi',3,'','В работе','Мухамед Искантер',NULL,'2024-03-18','08:14:00',8,'Выполнено',NULL,3,4843,'Сломался динамик'),(14,'2024-03-17','Телефон Redmi',3,'ну удается решить проблему алло','В ожидании','Илья Новиков Романович',21000.00,'2024-03-29','16:21:00',6,'Выполнено',NULL,3,64712,'Не работает тач пад, при максимальной яркости'),(15,'2024-03-29','Телефон OnePlus Nord 3',3,NULL,'В работе','Красильников Роман Арсеньевич',25000.00,'2024-03-29',NULL,9,'Выполнено',NULL,3,11231,'Сломался тач скрин'),(16,'2024-05-03','Redmi 9T',3,NULL,'В ожидании','Илья Новиков',5000.00,NULL,NULL,5,'Не выполнено',NULL,3,123123123,'Не работает тач пад'),(17,'2024-05-03','Redmi 9T',3,NULL,'В ожидании','Илья Новиков',5000.00,NULL,NULL,5,'Не выполнено',NULL,3,123123123,'Не работает тач пад');
/*!40000 ALTER TABLE `application` ENABLE KEYS */;
UNLOCK TABLES;

--
-- Table structure for table `notifications`
--

DROP TABLE IF EXISTS `notifications`;
/*!40101 SET @saved_cs_client     = @@character_set_client */;
/*!50503 SET character_set_client = utf8mb4 */;
CREATE TABLE `notifications` (
  `id` int NOT NULL AUTO_INCREMENT,
  `userId` int NOT NULL,
  `message` varchar(120) CHARACTER SET utf8mb4 COLLATE utf8mb4_0900_ai_ci NOT NULL,
  `applicationId` int DEFAULT NULL,
  `Timestamp` datetime(6) NOT NULL DEFAULT '0001-01-01 00:00:00.000000',
  PRIMARY KEY (`id`),
  KEY `applicationId_FK_idx` (`applicationId`),
  KEY `userId_FK_idx` (`userId`),
  CONSTRAINT `applicationId_FK` FOREIGN KEY (`applicationId`) REFERENCES `application` (`id_application`),
  CONSTRAINT `userId_FK` FOREIGN KEY (`userId`) REFERENCES `user` (`id_user`)
) ENGINE=InnoDB AUTO_INCREMENT=716 DEFAULT CHARSET=utf8mb4 COLLATE=utf8mb4_0900_ai_ci;
/*!40101 SET character_set_client = @saved_cs_client */;

--
-- Dumping data for table `notifications`
--

LOCK TABLES `notifications` WRITE;
/*!40000 ALTER TABLE `notifications` DISABLE KEYS */;
INSERT INTO `notifications` VALUES (64,7,'Статус заявки [1] изменен с [В работе] на [Выполнено]',NULL,'2024-03-14 20:39:51.102562'),(65,4,'Статус заявки [1] изменен с [В работе] на [Выполнено]',NULL,'2024-03-14 20:39:51.102226'),(66,3,'Статус заявки [1] изменен с [В работе] на [Выполнено]',NULL,'2024-03-14 20:39:51.102157'),(68,8,'Статус заявки [1] изменен с [В работе] на [Выполнено]',NULL,'2024-03-14 20:39:51.103092'),(69,10,'Статус заявки [1] изменен с [В работе] на [Выполнено]',NULL,'2024-03-14 20:39:51.103142'),(70,6,'Статус заявки [1] изменен с [В работе] на [Выполнено]',NULL,'2024-03-14 20:39:51.102264'),(71,5,'Статус заявки [1] изменен с [В работе] на [Выполнено]',NULL,'2024-03-14 20:39:51.102158'),(72,9,'Статус заявки [1] изменен с [В работе] на [Выполнено]',NULL,'2024-03-14 20:39:51.103119'),(73,8,'Статус заявки [3] изменен с [выполнено] на [Не выполнено]',NULL,'2024-03-14 20:40:20.724247'),(74,7,'Статус заявки [3] изменен с [выполнено] на [Не выполнено]',NULL,'2024-03-14 20:40:20.724110'),(75,9,'Статус заявки [3] изменен с [выполнено] на [Не выполнено]',NULL,'2024-03-14 20:40:20.724392'),(77,4,'Статус заявки [3] изменен с [выполнено] на [Не выполнено]',NULL,'2024-03-14 20:40:20.723702'),(78,5,'Статус заявки [3] изменен с [выполнено] на [Не выполнено]',NULL,'2024-03-14 20:40:20.723834'),(79,10,'Статус заявки [3] изменен с [выполнено] на [Не выполнено]',NULL,'2024-03-14 20:40:20.724541'),(80,6,'Статус заявки [3] изменен с [выполнено] на [Не выполнено]',NULL,'2024-03-14 20:40:20.724072'),(81,3,'Статус заявки [3] изменен с [выполнено] на [Не выполнено]',NULL,'2024-03-14 20:40:20.723431'),(83,3,'Статус заявки [1] изменен с [Выполнено] на [Не выполнено]',NULL,'2024-03-14 20:45:42.482057'),(85,9,'Статус заявки [1] изменен с [Выполнено] на [Не выполнено]',NULL,'2024-03-14 20:45:42.486011'),(86,6,'Статус заявки [1] изменен с [Выполнено] на [Не выполнено]',NULL,'2024-03-14 20:45:42.482305'),(87,4,'Статус заявки [1] изменен с [Выполнено] на [Не выполнено]',NULL,'2024-03-14 20:45:42.482045'),(88,5,'Статус заявки [1] изменен с [Выполнено] на [Не выполнено]',NULL,'2024-03-14 20:45:42.482092'),(90,10,'Статус заявки [1] изменен с [Выполнено] на [Не выполнено]',NULL,'2024-03-14 20:45:42.486052'),(91,8,'Статус заявки [1] изменен с [Выполнено] на [Не выполнено]',NULL,'2024-03-14 20:45:42.486022'),(92,7,'Статус заявки [1] изменен с [Выполнено] на [Не выполнено]',NULL,'2024-03-14 20:45:42.485978'),(93,6,'Статус заявки [1] изменен с [Не выполнено] на [В работе]',NULL,'2024-03-14 20:46:21.326516'),(94,4,'Статус заявки [1] изменен с [Не выполнено] на [В работе]',NULL,'2024-03-14 20:46:21.326143'),(95,3,'Статус заявки [1] изменен с [Не выполнено] на [В работе]',NULL,'2024-03-14 20:46:21.326035'),(96,5,'Статус заявки [1] изменен с [Не выполнено] на [В работе]',NULL,'2024-03-14 20:46:21.326363'),(98,7,'Статус заявки [1] изменен с [Не выполнено] на [В работе]',NULL,'2024-03-14 20:46:21.326643'),(100,8,'Статус заявки [1] изменен с [Не выполнено] на [В работе]',NULL,'2024-03-14 20:46:21.326801'),(101,9,'Статус заявки [1] изменен с [Не выполнено] на [В работе]',NULL,'2024-03-14 20:46:21.326955'),(102,10,'Статус заявки [1] изменен с [Не выполнено] на [В работе]',NULL,'2024-03-14 20:46:21.327342'),(104,3,'Статус заявки [3] изменен с [Не выполнено] на [В работе]',NULL,'2024-03-14 20:46:50.938584'),(106,4,'Статус заявки [3] изменен с [Не выполнено] на [В работе]',NULL,'2024-03-14 20:46:50.938838'),(107,6,'Статус заявки [3] изменен с [Не выполнено] на [В работе]',NULL,'2024-03-14 20:46:50.939175'),(108,7,'Статус заявки [3] изменен с [Не выполнено] на [В работе]',NULL,'2024-03-14 20:46:50.939335'),(109,8,'Статус заявки [3] изменен с [Не выполнено] на [В работе]',NULL,'2024-03-14 20:46:50.939603'),(110,9,'Статус заявки [3] изменен с [Не выполнено] на [В работе]',NULL,'2024-03-14 20:46:50.939642'),(111,5,'Статус заявки [3] изменен с [Не выполнено] на [В работе]',NULL,'2024-03-14 20:46:50.939031'),(112,10,'Статус заявки [3] изменен с [Не выполнено] на [В работе]',NULL,'2024-03-14 20:46:50.939737'),(113,9,'Статус заявки [4] изменен с [в работе] на [Не выполнено]',NULL,'2024-03-14 20:47:09.814045'),(115,5,'Статус заявки [4] изменен с [в работе] на [Не выполнено]',NULL,'2024-03-14 20:47:09.814004'),(116,4,'Статус заявки [4] изменен с [в работе] на [Не выполнено]',NULL,'2024-03-14 20:47:09.814030'),(117,7,'Статус заявки [4] изменен с [в работе] на [Не выполнено]',NULL,'2024-03-14 20:47:09.814006'),(118,8,'Статус заявки [4] изменен с [в работе] на [Не выполнено]',NULL,'2024-03-14 20:47:09.814028'),(119,10,'Статус заявки [4] изменен с [в работе] на [Не выполнено]',NULL,'2024-03-14 20:47:09.814102'),(120,6,'Статус заявки [4] изменен с [в работе] на [Не выполнено]',NULL,'2024-03-14 20:47:09.814004'),(121,3,'Статус заявки [4] изменен с [в работе] на [Не выполнено]',NULL,'2024-03-14 20:47:09.814006'),(123,9,'Статус заявки [2] изменен с [В работе] на [Выполнено]',NULL,'2024-03-14 20:47:19.430393'),(124,8,'Статус заявки [2] изменен с [В работе] на [Выполнено]',NULL,'2024-03-14 20:47:19.430349'),(126,6,'Статус заявки [2] изменен с [В работе] на [Выполнено]',NULL,'2024-03-14 20:47:19.430291'),(127,4,'Статус заявки [2] изменен с [В работе] на [Выполнено]',NULL,'2024-03-14 20:47:19.430237'),(128,5,'Статус заявки [2] изменен с [В работе] на [Выполнено]',NULL,'2024-03-14 20:47:19.430271'),(130,3,'Статус заявки [2] изменен с [В работе] на [Выполнено]',NULL,'2024-03-14 20:47:19.430230'),(131,10,'Статус заявки [2] изменен с [В работе] на [Выполнено]',NULL,'2024-03-14 20:47:19.430431'),(132,7,'Статус заявки [2] изменен с [В работе] на [Выполнено]',NULL,'2024-03-14 20:47:19.430317'),(134,3,'Статус заявки [2] изменен с [Выполнено] на [Не выполнено]',NULL,'2024-03-14 20:48:37.610056'),(135,4,'Статус заявки [2] изменен с [Выполнено] на [Не выполнено]',NULL,'2024-03-14 20:48:37.610288'),(137,6,'Статус заявки [2] изменен с [Выполнено] на [Не выполнено]',NULL,'2024-03-14 20:48:37.610452'),(138,8,'Статус заявки [2] изменен с [Выполнено] на [Не выполнено]',NULL,'2024-03-14 20:48:37.610461'),(139,5,'Статус заявки [2] изменен с [Выполнено] на [Не выполнено]',NULL,'2024-03-14 20:48:37.610473'),(140,9,'Статус заявки [2] изменен с [Выполнено] на [Не выполнено]',NULL,'2024-03-14 20:48:37.610626'),(141,7,'Статус заявки [2] изменен с [Выполнено] на [Не выполнено]',NULL,'2024-03-14 20:48:37.610463'),(142,10,'Статус заявки [2] изменен с [Выполнено] на [Не выполнено]',NULL,'2024-03-14 20:48:37.610675'),(143,3,'Статус заявки [3] изменен с [В работе] на [Не выполнено]',NULL,'2024-03-14 20:50:59.870991'),(146,7,'Статус заявки [3] изменен с [В работе] на [Не выполнено]',NULL,'2024-03-14 20:50:59.871491'),(147,6,'Статус заявки [3] изменен с [В работе] на [Не выполнено]',NULL,'2024-03-14 20:50:59.871422'),(148,4,'Статус заявки [3] изменен с [В работе] на [Не выполнено]',NULL,'2024-03-14 20:50:59.871258'),(149,8,'Статус заявки [3] изменен с [В работе] на [Не выполнено]',NULL,'2024-03-14 20:50:59.871648'),(150,5,'Статус заявки [3] изменен с [В работе] на [Не выполнено]',NULL,'2024-03-14 20:50:59.871409'),(151,10,'Статус заявки [3] изменен с [В работе] на [Не выполнено]',NULL,'2024-03-14 20:50:59.871800'),(152,9,'Статус заявки [3] изменен с [В работе] на [Не выполнено]',NULL,'2024-03-14 20:50:59.871757'),(153,7,'Статус заявки [3] изменен с [Не выполнено] на [В работе]',NULL,'2024-03-14 20:51:07.255307'),(154,5,'Статус заявки [3] изменен с [Не выполнено] на [В работе]',NULL,'2024-03-14 20:51:07.255245'),(156,4,'Статус заявки [3] изменен с [Не выполнено] на [В работе]',NULL,'2024-03-14 20:51:07.255234'),(157,3,'Статус заявки [3] изменен с [Не выполнено] на [В работе]',NULL,'2024-03-14 20:51:07.255234'),(158,6,'Статус заявки [3] изменен с [Не выполнено] на [В работе]',NULL,'2024-03-14 20:51:07.255266'),(159,8,'Статус заявки [3] изменен с [Не выполнено] на [В работе]',NULL,'2024-03-14 20:51:07.255332'),(161,9,'Статус заявки [3] изменен с [Не выполнено] на [В работе]',NULL,'2024-03-14 20:51:07.255356'),(162,10,'Статус заявки [3] изменен с [Не выполнено] на [В работе]',NULL,'2024-03-14 20:51:07.255844'),(164,8,'Статус заявки [1] изменен с [В работе] на [Выполнено]',NULL,'2024-03-14 20:51:13.011838'),(165,7,'Статус заявки [1] изменен с [В работе] на [Выполнено]',NULL,'2024-03-14 20:51:13.011822'),(166,10,'Статус заявки [1] изменен с [В работе] на [Выполнено]',NULL,'2024-03-14 20:51:13.011928'),(167,3,'Статус заявки [1] изменен с [В работе] на [Выполнено]',NULL,'2024-03-14 20:51:13.011710'),(168,4,'Статус заявки [1] изменен с [В работе] на [Выполнено]',NULL,'2024-03-14 20:51:13.011738'),(169,5,'Статус заявки [1] изменен с [В работе] на [Выполнено]',NULL,'2024-03-14 20:51:13.011755'),(170,6,'Статус заявки [1] изменен с [В работе] на [Выполнено]',NULL,'2024-03-14 20:51:13.011785'),(171,9,'Статус заявки [1] изменен с [В работе] на [Выполнено]',NULL,'2024-03-14 20:51:13.011866'),(173,4,'Статус заявки [2] изменен с [Не выполнено] на [Выполнено]',NULL,'2024-03-14 20:51:19.844474'),(174,3,'Статус заявки [2] изменен с [Не выполнено] на [Выполнено]',NULL,'2024-03-14 20:51:19.844462'),(175,10,'Статус заявки [2] изменен с [Не выполнено] на [Выполнено]',NULL,'2024-03-14 20:51:19.844645'),(176,9,'Статус заявки [2] изменен с [Не выполнено] на [Выполнено]',NULL,'2024-03-14 20:51:19.844616'),(177,7,'Статус заявки [2] изменен с [Не выполнено] на [Выполнено]',NULL,'2024-03-14 20:51:19.844563'),(178,5,'Статус заявки [2] изменен с [Не выполнено] на [Выполнено]',NULL,'2024-03-14 20:51:19.844501'),(179,6,'Статус заявки [2] изменен с [Не выполнено] на [Выполнено]',NULL,'2024-03-14 20:51:19.844534'),(181,8,'Статус заявки [2] изменен с [Не выполнено] на [Выполнено]',NULL,'2024-03-14 20:51:19.844591'),(183,6,'Статус заявки [4] изменен с [Не выполнено] на [В работе]',NULL,'2024-03-14 20:51:26.461942'),(185,10,'Статус заявки [4] изменен с [Не выполнено] на [В работе]',NULL,'2024-03-14 20:51:26.462064'),(186,8,'Статус заявки [4] изменен с [Не выполнено] на [В работе]',NULL,'2024-03-14 20:51:26.462003'),(187,9,'Статус заявки [4] изменен с [Не выполнено] на [В работе]',NULL,'2024-03-14 20:51:26.462038'),(188,4,'Статус заявки [4] изменен с [Не выполнено] на [В работе]',NULL,'2024-03-14 20:51:26.461877'),(189,5,'Статус заявки [4] изменен с [Не выполнено] на [В работе]',NULL,'2024-03-14 20:51:26.461901'),(191,7,'Статус заявки [4] изменен с [Не выполнено] на [В работе]',NULL,'2024-03-14 20:51:26.461971'),(192,3,'Статус заявки [4] изменен с [Не выполнено] на [В работе]',NULL,'2024-03-14 20:51:26.461856'),(193,10,'Статус заявки [1] изменен с [Выполнено] на [В работе]',NULL,'2024-03-14 20:51:31.554230'),(194,9,'Статус заявки [1] изменен с [Выполнено] на [В работе]',NULL,'2024-03-14 20:51:31.554205'),(195,6,'Статус заявки [1] изменен с [Выполнено] на [В работе]',NULL,'2024-03-14 20:51:31.554138'),(197,7,'Статус заявки [1] изменен с [Выполнено] на [В работе]',NULL,'2024-03-14 20:51:31.554160'),(198,4,'Статус заявки [1] изменен с [Выполнено] на [В работе]',NULL,'2024-03-14 20:51:31.554080'),(200,5,'Статус заявки [1] изменен с [Выполнено] на [В работе]',NULL,'2024-03-14 20:51:31.554141'),(201,8,'Статус заявки [1] изменен с [Выполнено] на [В работе]',NULL,'2024-03-14 20:51:31.554180'),(202,3,'Статус заявки [1] изменен с [Выполнено] на [В работе]',NULL,'2024-03-14 20:51:31.554042'),(203,4,'Статус заявки [3] изменен с [В работе] на [Не выполнено]',NULL,'2024-03-14 20:53:03.013660'),(206,3,'Статус заявки [3] изменен с [В работе] на [Не выполнено]',NULL,'2024-03-14 20:53:03.013471'),(207,7,'Статус заявки [3] изменен с [В работе] на [Не выполнено]',NULL,'2024-03-14 20:53:03.013900'),(208,8,'Статус заявки [3] изменен с [В работе] на [Не выполнено]',NULL,'2024-03-14 20:53:03.013920'),(209,6,'Статус заявки [3] изменен с [В работе] на [Не выполнено]',NULL,'2024-03-14 20:53:03.013880'),(210,5,'Статус заявки [3] изменен с [В работе] на [Не выполнено]',NULL,'2024-03-14 20:53:03.013877'),(211,9,'Статус заявки [3] изменен с [В работе] на [Не выполнено]',NULL,'2024-03-14 20:53:03.014253'),(212,10,'Статус заявки [3] изменен с [В работе] на [Не выполнено]',NULL,'2024-03-14 20:53:03.014392'),(215,3,'Статус заявки [2] изменен с [Выполнено] на [Не выполнено]',NULL,'2024-03-14 20:55:56.230539'),(216,4,'Статус заявки [2] изменен с [Выполнено] на [Не выполнено]',NULL,'2024-03-14 20:55:56.230756'),(217,5,'Статус заявки [2] изменен с [Выполнено] на [Не выполнено]',NULL,'2024-03-14 20:55:56.230916'),(218,6,'Статус заявки [2] изменен с [Выполнено] на [Не выполнено]',NULL,'2024-03-14 20:55:56.230923'),(219,10,'Статус заявки [2] изменен с [Выполнено] на [Не выполнено]',NULL,'2024-03-14 20:55:56.231216'),(220,8,'Статус заявки [2] изменен с [Выполнено] на [Не выполнено]',NULL,'2024-03-14 20:55:56.231110'),(221,7,'Статус заявки [2] изменен с [Выполнено] на [Не выполнено]',NULL,'2024-03-14 20:55:56.230939'),(222,9,'Статус заявки [2] изменен с [Выполнено] на [Не выполнено]',NULL,'2024-03-14 20:55:56.231113'),(225,6,'Статус заявки [3] изменен с [Не выполнено] на [Выполнено]',NULL,'2024-03-14 20:57:23.768314'),(226,3,'Статус заявки [3] изменен с [Не выполнено] на [Выполнено]',NULL,'2024-03-14 20:57:23.768081'),(227,5,'Статус заявки [3] изменен с [Не выполнено] на [Выполнено]',NULL,'2024-03-14 20:57:23.768313'),(228,4,'Статус заявки [3] изменен с [Не выполнено] на [Выполнено]',NULL,'2024-03-14 20:57:23.768192'),(229,7,'Статус заявки [3] изменен с [Не выполнено] на [Выполнено]',NULL,'2024-03-14 20:57:23.768465'),(230,10,'Статус заявки [3] изменен с [Не выполнено] на [Выполнено]',NULL,'2024-03-14 20:57:23.768647'),(231,9,'Статус заявки [3] изменен с [Не выполнено] на [Выполнено]',NULL,'2024-03-14 20:57:23.768611'),(232,8,'Статус заявки [3] изменен с [Не выполнено] на [Выполнено]',NULL,'2024-03-14 20:57:23.768586'),(235,3,'Статус заявки [3] изменен с [Выполнено] на [Не выполнено]',NULL,'2024-03-14 20:59:54.269642'),(236,4,'Статус заявки [3] изменен с [Выполнено] на [Не выполнено]',NULL,'2024-03-14 20:59:54.269739'),(237,7,'Статус заявки [3] изменен с [Выполнено] на [Не выполнено]',NULL,'2024-03-14 20:59:54.270090'),(238,8,'Статус заявки [3] изменен с [Выполнено] на [Не выполнено]',NULL,'2024-03-14 20:59:54.270153'),(239,6,'Статус заявки [3] изменен с [Выполнено] на [Не выполнено]',NULL,'2024-03-14 20:59:54.270089'),(240,10,'Статус заявки [3] изменен с [Выполнено] на [Не выполнено]',NULL,'2024-03-14 20:59:54.270323'),(241,9,'Статус заявки [3] изменен с [Выполнено] на [Не выполнено]',NULL,'2024-03-14 20:59:54.270287'),(242,5,'Статус заявки [3] изменен с [Выполнено] на [Не выполнено]',NULL,'2024-03-14 20:59:54.269944'),(243,3,'Статус заявки [1] изменен с [В работе] на [Выполнено]',NULL,'2024-03-14 21:01:44.509472'),(245,4,'Статус заявки [1] изменен с [В работе] на [Выполнено]',NULL,'2024-03-14 21:01:44.509659'),(247,6,'Статус заявки [1] изменен с [В работе] на [Выполнено]',NULL,'2024-03-14 21:01:44.509913'),(248,8,'Статус заявки [1] изменен с [В работе] на [Выполнено]',NULL,'2024-03-14 21:01:44.509957'),(249,7,'Статус заявки [1] изменен с [В работе] на [Выполнено]',NULL,'2024-03-14 21:01:44.509929'),(250,9,'Статус заявки [1] изменен с [В работе] на [Выполнено]',NULL,'2024-03-14 21:01:44.510269'),(251,10,'Статус заявки [1] изменен с [В работе] на [Выполнено]',NULL,'2024-03-14 21:01:44.510309'),(252,5,'Статус заявки [1] изменен с [В работе] на [Выполнено]',NULL,'2024-03-14 21:01:44.509909'),(255,3,'Статус заявки [2] изменен с [Не выполнено] на [Выполнено]',NULL,'2024-03-14 21:03:31.608795'),(256,6,'Статус заявки [2] изменен с [Не выполнено] на [Выполнено]',NULL,'2024-03-14 21:03:31.609144'),(257,4,'Статус заявки [2] изменен с [Не выполнено] на [Выполнено]',NULL,'2024-03-14 21:03:31.608937'),(258,5,'Статус заявки [2] изменен с [Не выполнено] на [Выполнено]',NULL,'2024-03-14 21:03:31.609130'),(259,9,'Статус заявки [2] изменен с [Не выполнено] на [Выполнено]',NULL,'2024-03-14 21:03:31.609303'),(260,8,'Статус заявки [2] изменен с [Не выполнено] на [Выполнено]',NULL,'2024-03-14 21:03:31.609305'),(261,7,'Статус заявки [2] изменен с [Не выполнено] на [Выполнено]',NULL,'2024-03-14 21:03:31.609298'),(262,10,'Статус заявки [2] изменен с [Не выполнено] на [Выполнено]',NULL,'2024-03-14 21:03:31.609311'),(263,3,'Статус заявки [3] изменен с [Не выполнено] на [В работе]',NULL,'2024-03-14 21:03:37.880569'),(264,5,'Статус заявки [3] изменен с [Не выполнено] на [В работе]',NULL,'2024-03-14 21:03:37.880586'),(265,6,'Статус заявки [3] изменен с [Не выполнено] на [В работе]',NULL,'2024-03-14 21:03:37.880618'),(267,8,'Статус заявки [3] изменен с [Не выполнено] на [В работе]',NULL,'2024-03-14 21:03:37.880676'),(268,4,'Статус заявки [3] изменен с [Не выполнено] на [В работе]',NULL,'2024-03-14 21:03:37.880569'),(270,7,'Статус заявки [3] изменен с [Не выполнено] на [В работе]',NULL,'2024-03-14 21:03:37.880645'),(271,9,'Статус заявки [3] изменен с [Не выполнено] на [В работе]',NULL,'2024-03-14 21:03:37.881022'),(272,10,'Статус заявки [3] изменен с [Не выполнено] на [В работе]',NULL,'2024-03-14 21:03:37.881040'),(275,3,'Статус заявки [1] изменен с [Выполнено] на [Не выполнено]',NULL,'2024-03-14 21:04:52.975582'),(276,6,'Статус заявки [1] изменен с [Выполнено] на [Не выполнено]',NULL,'2024-03-14 21:04:52.975862'),(277,4,'Статус заявки [1] изменен с [Выполнено] на [Не выполнено]',NULL,'2024-03-14 21:04:52.975811'),(278,5,'Статус заявки [1] изменен с [Выполнено] на [Не выполнено]',NULL,'2024-03-14 21:04:52.975844'),(279,7,'Статус заявки [1] изменен с [Выполнено] на [Не выполнено]',NULL,'2024-03-14 21:04:52.976006'),(280,8,'Статус заявки [1] изменен с [Выполнено] на [Не выполнено]',NULL,'2024-03-14 21:04:52.976151'),(281,9,'Статус заявки [1] изменен с [Выполнено] на [Не выполнено]',NULL,'2024-03-14 21:04:52.976173'),(282,10,'Статус заявки [1] изменен с [Выполнено] на [Не выполнено]',NULL,'2024-03-14 21:04:52.976192'),(283,3,'Статус заявки [3] изменен с [В работе] на [Не выполнено]',NULL,'2024-03-14 21:12:31.273269'),(284,10,'Статус заявки [3] изменен с [В работе] на [Не выполнено]',NULL,'2024-03-14 21:12:31.274094'),(286,9,'Статус заявки [3] изменен с [В работе] на [Не выполнено]',NULL,'2024-03-14 21:12:31.274088'),(287,6,'Статус заявки [3] изменен с [В работе] на [Не выполнено]',NULL,'2024-03-14 21:12:31.273747'),(288,5,'Статус заявки [3] изменен с [В работе] на [Не выполнено]',NULL,'2024-03-14 21:12:31.273599'),(289,8,'Статус заявки [3] изменен с [В работе] на [Не выполнено]',NULL,'2024-03-14 21:12:31.273930'),(290,4,'Статус заявки [3] изменен с [В работе] на [Не выполнено]',NULL,'2024-03-14 21:12:31.273388'),(292,7,'Статус заявки [3] изменен с [В работе] на [Не выполнено]',NULL,'2024-03-14 21:12:31.273787'),(295,3,'Статус заявки [3] изменен с [Не выполнено] на [В работе]',NULL,'2024-03-14 21:12:59.235914'),(296,4,'Статус заявки [3] изменен с [Не выполнено] на [В работе]',NULL,'2024-03-14 21:12:59.236141'),(297,5,'Статус заявки [3] изменен с [Не выполнено] на [В работе]',NULL,'2024-03-14 21:12:59.236332'),(298,6,'Статус заявки [3] изменен с [Не выполнено] на [В работе]',NULL,'2024-03-14 21:12:59.236384'),(299,8,'Статус заявки [3] изменен с [Не выполнено] на [В работе]',NULL,'2024-03-14 21:12:59.236486'),(300,7,'Статус заявки [3] изменен с [Не выполнено] на [В работе]',NULL,'2024-03-14 21:12:59.236621'),(301,10,'Статус заявки [3] изменен с [Не выполнено] на [В работе]',NULL,'2024-03-14 21:12:59.236528'),(302,9,'Статус заявки [3] изменен с [Не выполнено] на [В работе]',NULL,'2024-03-14 21:12:59.236508'),(303,4,'Статус заявки [4] изменен с [В работе] на [Выполнено]',NULL,'2024-03-14 21:13:07.763773'),(305,6,'Статус заявки [4] изменен с [В работе] на [Выполнено]',NULL,'2024-03-14 21:13:07.763827'),(306,8,'Статус заявки [4] изменен с [В работе] на [Выполнено]',NULL,'2024-03-14 21:13:07.763892'),(307,5,'Статус заявки [4] изменен с [В работе] на [Выполнено]',NULL,'2024-03-14 21:13:07.763803'),(308,3,'Статус заявки [4] изменен с [В работе] на [Выполнено]',NULL,'2024-03-14 21:13:07.763736'),(309,9,'Статус заявки [4] изменен с [В работе] на [Выполнено]',NULL,'2024-03-14 21:13:07.763914'),(311,7,'Статус заявки [4] изменен с [В работе] на [Выполнено]',NULL,'2024-03-14 21:13:07.763865'),(312,10,'Статус заявки [4] изменен с [В работе] на [Выполнено]',NULL,'2024-03-14 21:13:07.764346'),(314,5,'Статус заявки [4] изменен с [Выполнено] на [Не выполнено]',NULL,'2024-03-14 21:13:17.468652'),(316,7,'Статус заявки [4] изменен с [Выполнено] на [Не выполнено]',NULL,'2024-03-14 21:13:17.468699'),(317,9,'Статус заявки [4] изменен с [Выполнено] на [Не выполнено]',NULL,'2024-03-14 21:13:17.468790'),(318,6,'Статус заявки [4] изменен с [Выполнено] на [Не выполнено]',NULL,'2024-03-14 21:13:17.468679'),(319,8,'Статус заявки [4] изменен с [Выполнено] на [Не выполнено]',NULL,'2024-03-14 21:13:17.468733'),(320,4,'Статус заявки [4] изменен с [Выполнено] на [Не выполнено]',NULL,'2024-03-14 21:13:17.468636'),(321,10,'Статус заявки [4] изменен с [Выполнено] на [Не выполнено]',NULL,'2024-03-14 21:13:17.468818'),(322,3,'Статус заявки [4] изменен с [Выполнено] на [Не выполнено]',NULL,'2024-03-14 21:13:17.468636'),(323,7,'Статус заявки [1] изменен с [Не выполнено] на [В работе]',NULL,'2024-03-14 21:13:26.129615'),(324,9,'Статус заявки [1] изменен с [Не выполнено] на [В работе]',NULL,'2024-03-14 21:13:26.129679'),(325,3,'Статус заявки [1] изменен с [Не выполнено] на [В работе]',NULL,'2024-03-14 21:13:26.129539'),(326,6,'Статус заявки [1] изменен с [Не выполнено] на [В работе]',NULL,'2024-03-14 21:13:26.129589'),(328,10,'Статус заявки [1] изменен с [Не выполнено] на [В работе]',NULL,'2024-03-14 21:13:26.129714'),(329,5,'Статус заявки [1] изменен с [Не выполнено] на [В работе]',NULL,'2024-03-14 21:13:26.129561'),(330,4,'Статус заявки [1] изменен с [Не выполнено] на [В работе]',NULL,'2024-03-14 21:13:26.129539'),(332,8,'Статус заявки [1] изменен с [Не выполнено] на [В работе]',NULL,'2024-03-14 21:13:26.129648'),(333,9,'Статус заявки [6] изменен с [в работе] на [Не выполнено]',NULL,'2024-03-14 21:13:30.731959'),(334,5,'Статус заявки [6] изменен с [в работе] на [Не выполнено]',NULL,'2024-03-14 21:13:30.731838'),(335,4,'Статус заявки [6] изменен с [в работе] на [Не выполнено]',NULL,'2024-03-14 21:13:30.731807'),(337,7,'Статус заявки [6] изменен с [в работе] на [Не выполнено]',NULL,'2024-03-14 21:13:30.731901'),(338,8,'Статус заявки [6] изменен с [в работе] на [Не выполнено]',NULL,'2024-03-14 21:13:30.731935'),(339,10,'Статус заявки [6] изменен с [в работе] на [Не выполнено]',NULL,'2024-03-14 21:13:30.731994'),(340,3,'Статус заявки [6] изменен с [в работе] на [Не выполнено]',NULL,'2024-03-14 21:13:30.731771'),(342,6,'Статус заявки [6] изменен с [в работе] на [Не выполнено]',NULL,'2024-03-14 21:13:30.731870'),(343,10,'Статус заявки [5] изменен с [Не выполнено] на [Выполнено]',NULL,'2024-03-14 21:13:41.048303'),(344,3,'Статус заявки [5] изменен с [Не выполнено] на [Выполнено]',NULL,'2024-03-14 21:13:41.048082'),(345,6,'Статус заявки [5] изменен с [Не выполнено] на [Выполнено]',NULL,'2024-03-14 21:13:41.048184'),(346,4,'Статус заявки [5] изменен с [Не выполнено] на [Выполнено]',NULL,'2024-03-14 21:13:41.048149'),(349,5,'Статус заявки [5] изменен с [Не выполнено] на [Выполнено]',NULL,'2024-03-14 21:13:41.048153'),(350,7,'Статус заявки [5] изменен с [Не выполнено] на [Выполнено]',NULL,'2024-03-14 21:13:41.048206'),(351,8,'Статус заявки [5] изменен с [Не выполнено] на [Выполнено]',NULL,'2024-03-14 21:13:41.048237'),(352,9,'Статус заявки [5] изменен с [Не выполнено] на [Выполнено]',NULL,'2024-03-14 21:13:41.048276'),(355,4,'Статус заявки [3] изменен с [В работе] на [Не выполнено]',NULL,'2024-03-14 21:15:35.460195'),(356,5,'Статус заявки [3] изменен с [В работе] на [Не выполнено]',NULL,'2024-03-14 21:15:35.460335'),(357,6,'Статус заявки [3] изменен с [В работе] на [Не выполнено]',NULL,'2024-03-14 21:15:35.460334'),(358,3,'Статус заявки [3] изменен с [В работе] на [Не выполнено]',NULL,'2024-03-14 21:15:35.460044'),(359,8,'Статус заявки [3] изменен с [В работе] на [Не выполнено]',NULL,'2024-03-14 21:15:35.460580'),(360,10,'Статус заявки [3] изменен с [В работе] на [Не выполнено]',NULL,'2024-03-14 21:15:35.460587'),(361,9,'Статус заявки [3] изменен с [В работе] на [Не выполнено]',NULL,'2024-03-14 21:15:35.460580'),(362,7,'Статус заявки [3] изменен с [В работе] на [Не выполнено]',NULL,'2024-03-14 21:15:35.460564'),(363,8,'Статус заявки [4] изменен с [Не выполнено] на [Выполнено]',NULL,'2024-03-14 21:15:44.028419'),(366,6,'Статус заявки [4] изменен с [Не выполнено] на [Выполнено]',NULL,'2024-03-14 21:15:44.028341'),(367,5,'Статус заявки [4] изменен с [Не выполнено] на [Выполнено]',NULL,'2024-03-14 21:15:44.028314'),(368,3,'Статус заявки [4] изменен с [Не выполнено] на [Выполнено]',NULL,'2024-03-14 21:15:44.028299'),(369,7,'Статус заявки [4] изменен с [Не выполнено] на [Выполнено]',NULL,'2024-03-14 21:15:44.028383'),(370,4,'Статус заявки [4] изменен с [Не выполнено] на [Выполнено]',NULL,'2024-03-14 21:15:44.028299'),(371,9,'Статус заявки [4] изменен с [Не выполнено] на [Выполнено]',NULL,'2024-03-14 21:15:44.028821'),(372,10,'Статус заявки [4] изменен с [Не выполнено] на [Выполнено]',NULL,'2024-03-14 21:15:44.028850'),(373,6,'Статус заявки [5] изменен с [Выполнено] на [Не выполнено]',NULL,'2024-03-14 21:15:49.910605'),(374,5,'Статус заявки [5] изменен с [Выполнено] на [Не выполнено]',NULL,'2024-03-14 21:15:49.910564'),(376,4,'Статус заявки [5] изменен с [Выполнено] на [Не выполнено]',NULL,'2024-03-14 21:15:49.910536'),(377,8,'Статус заявки [5] изменен с [Выполнено] на [Не выполнено]',NULL,'2024-03-14 21:15:49.910653'),(379,9,'Статус заявки [5] изменен с [Выполнено] на [Не выполнено]',NULL,'2024-03-14 21:15:49.910675'),(380,3,'Статус заявки [5] изменен с [Выполнено] на [Не выполнено]',NULL,'2024-03-14 21:15:49.910504'),(381,7,'Статус заявки [5] изменен с [Выполнено] на [Не выполнено]',NULL,'2024-03-14 21:15:49.910629'),(382,10,'Статус заявки [5] изменен с [Выполнено] на [Не выполнено]',NULL,'2024-03-14 21:15:49.911038'),(383,8,'Статус заявки [3] изменен с [Не выполнено] на [В работе]',NULL,'2024-03-14 21:15:59.957159'),(385,4,'Статус заявки [3] изменен с [Не выполнено] на [В работе]',NULL,'2024-03-14 21:15:59.957029'),(386,5,'Статус заявки [3] изменен с [Не выполнено] на [В работе]',NULL,'2024-03-14 21:15:59.957068'),(388,9,'Статус заявки [3] изменен с [Не выполнено] на [В работе]',NULL,'2024-03-14 21:15:59.957190'),(389,10,'Статус заявки [3] изменен с [Не выполнено] на [В работе]',NULL,'2024-03-14 21:15:59.957218'),(390,3,'Статус заявки [3] изменен с [Не выполнено] на [В работе]',NULL,'2024-03-14 21:15:59.957029'),(391,6,'Статус заявки [3] изменен с [Не выполнено] на [В работе]',NULL,'2024-03-14 21:15:59.957105'),(392,7,'Статус заявки [3] изменен с [Не выполнено] на [В работе]',NULL,'2024-03-14 21:15:59.957133'),(395,8,'Статус заявки [1] изменен с [В работе] на [Не выполнено]',NULL,'2024-03-14 21:16:05.693911'),(396,3,'Статус заявки [1] изменен с [В работе] на [Не выполнено]',NULL,'2024-03-14 21:16:05.693769'),(397,6,'Статус заявки [1] изменен с [В работе] на [Не выполнено]',NULL,'2024-03-14 21:16:05.693860'),(398,7,'Статус заявки [1] изменен с [В работе] на [Не выполнено]',NULL,'2024-03-14 21:16:05.693886'),(399,4,'Статус заявки [1] изменен с [В работе] на [Не выполнено]',NULL,'2024-03-14 21:16:05.693802'),(400,5,'Статус заявки [1] изменен с [В работе] на [Не выполнено]',NULL,'2024-03-14 21:16:05.693832'),(401,10,'Статус заявки [1] изменен с [В работе] на [Не выполнено]',NULL,'2024-03-14 21:16:05.693979'),(402,9,'Статус заявки [1] изменен с [В работе] на [Не выполнено]',NULL,'2024-03-14 21:16:05.693950'),(404,5,'Статус заявки [5] изменен с [Не выполнено] на [Выполнено]',NULL,'2024-03-14 21:16:10.486131'),(405,9,'Статус заявки [5] изменен с [Не выполнено] на [Выполнено]',NULL,'2024-03-14 21:16:10.486243'),(406,6,'Статус заявки [5] изменен с [Не выполнено] на [Выполнено]',NULL,'2024-03-14 21:16:10.486151'),(407,7,'Статус заявки [5] изменен с [Не выполнено] на [Выполнено]',NULL,'2024-03-14 21:16:10.486180'),(408,10,'Статус заявки [5] изменен с [Не выполнено] на [Выполнено]',NULL,'2024-03-14 21:16:10.486271'),(409,3,'Статус заявки [5] изменен с [Не выполнено] на [Выполнено]',NULL,'2024-03-14 21:16:10.486082'),(411,4,'Статус заявки [5] изменен с [Не выполнено] на [Выполнено]',NULL,'2024-03-14 21:16:10.486104'),(412,8,'Статус заявки [5] изменен с [Не выполнено] на [Выполнено]',NULL,'2024-03-14 21:16:10.486214'),(413,8,'Статус заявки [5] изменен с [Выполнено] на [Не выполнено]',NULL,'2024-03-14 21:16:18.375080'),(414,6,'Статус заявки [5] изменен с [Выполнено] на [Не выполнено]',NULL,'2024-03-14 21:16:18.375027'),(415,3,'Статус заявки [5] изменен с [Выполнено] на [Не выполнено]',NULL,'2024-03-14 21:16:18.374948'),(416,5,'Статус заявки [5] изменен с [Выполнено] на [Не выполнено]',NULL,'2024-03-14 21:16:18.375009'),(418,7,'Статус заявки [5] изменен с [Выполнено] на [Не выполнено]',NULL,'2024-03-14 21:16:18.375055'),(419,10,'Статус заявки [5] изменен с [Выполнено] на [Не выполнено]',NULL,'2024-03-14 21:16:18.375144'),(421,4,'Статус заявки [5] изменен с [Выполнено] на [Не выполнено]',NULL,'2024-03-14 21:16:18.374969'),(422,9,'Статус заявки [5] изменен с [Выполнено] на [Не выполнено]',NULL,'2024-03-14 21:16:18.375109'),(423,7,'Статус заявки [5] изменен с [Не выполнено] на [Выполнено]',NULL,'2024-03-14 21:16:24.944134'),(426,3,'Статус заявки [5] изменен с [Не выполнено] на [Выполнено]',NULL,'2024-03-14 21:16:24.944017'),(427,9,'Статус заявки [5] изменен с [Не выполнено] на [Выполнено]',NULL,'2024-03-14 21:16:24.944187'),(428,5,'Статус заявки [5] изменен с [Не выполнено] на [Выполнено]',NULL,'2024-03-14 21:16:24.944086'),(429,8,'Статус заявки [5] изменен с [Не выполнено] на [Выполнено]',NULL,'2024-03-14 21:16:24.944154'),(430,4,'Статус заявки [5] изменен с [Не выполнено] на [Выполнено]',NULL,'2024-03-14 21:16:24.944047'),(431,6,'Статус заявки [5] изменен с [Не выполнено] на [Выполнено]',NULL,'2024-03-14 21:16:24.944100'),(432,10,'Статус заявки [5] изменен с [Не выполнено] на [Выполнено]',NULL,'2024-03-14 21:16:24.944218'),(433,6,'Статус заявки [5] изменен с [Выполнено] на [В работе]',NULL,'2024-03-14 21:16:30.309333'),(434,5,'Статус заявки [5] изменен с [Выполнено] на [В работе]',NULL,'2024-03-14 21:16:30.309293'),(437,7,'Статус заявки [5] изменен с [Выполнено] на [В работе]',NULL,'2024-03-14 21:16:30.309359'),(438,8,'Статус заявки [5] изменен с [Выполнено] на [В работе]',NULL,'2024-03-14 21:16:30.309391'),(439,3,'Статус заявки [5] изменен с [Выполнено] на [В работе]',NULL,'2024-03-14 21:16:30.309246'),(440,10,'Статус заявки [5] изменен с [Выполнено] на [В работе]',NULL,'2024-03-14 21:16:30.309442'),(441,9,'Статус заявки [5] изменен с [Выполнено] на [В работе]',NULL,'2024-03-14 21:16:30.309414'),(442,4,'Статус заявки [5] изменен с [Выполнено] на [В работе]',NULL,'2024-03-14 21:16:30.309268'),(445,3,'Статус заявки [1] изменен с [Не выполнено] на [Выполнено]',NULL,'2024-03-14 21:18:55.658133'),(446,8,'Статус заявки [1] изменен с [Не выполнено] на [Выполнено]',NULL,'2024-03-14 21:18:55.658578'),(447,4,'Статус заявки [1] изменен с [Не выполнено] на [Выполнено]',NULL,'2024-03-14 21:18:55.658399'),(448,6,'Статус заявки [1] изменен с [Не выполнено] на [Выполнено]',NULL,'2024-03-14 21:18:55.658521'),(449,7,'Статус заявки [1] изменен с [Не выполнено] на [Выполнено]',NULL,'2024-03-14 21:18:55.658549'),(450,5,'Статус заявки [1] изменен с [Не выполнено] на [Выполнено]',NULL,'2024-03-14 21:18:55.658511'),(451,10,'Статус заявки [1] изменен с [Не выполнено] на [Выполнено]',NULL,'2024-03-14 21:18:55.658961'),(452,9,'Статус заявки [1] изменен с [Не выполнено] на [Выполнено]',NULL,'2024-03-14 21:18:55.658959'),(453,9,'Статус заявки [4] изменен с [Выполнено] на [В работе]',NULL,'2024-03-14 21:18:59.019546'),(454,8,'Статус заявки [4] изменен с [Выполнено] на [В работе]',NULL,'2024-03-14 21:18:59.019526'),(455,7,'Статус заявки [4] изменен с [Выполнено] на [В работе]',NULL,'2024-03-14 21:18:59.019493'),(456,6,'Статус заявки [4] изменен с [Выполнено] на [В работе]',NULL,'2024-03-14 21:18:59.019461'),(458,3,'Статус заявки [4] изменен с [Выполнено] на [В работе]',NULL,'2024-03-14 21:18:59.019384'),(460,4,'Статус заявки [4] изменен с [Выполнено] на [В работе]',NULL,'2024-03-14 21:18:59.019406'),(461,10,'Статус заявки [4] изменен с [Выполнено] на [В работе]',NULL,'2024-03-14 21:18:59.019921'),(462,5,'Статус заявки [4] изменен с [Выполнено] на [В работе]',NULL,'2024-03-14 21:18:59.019433'),(463,6,'Статус заявки [9] изменен с [не выполнено] на [В работе]',NULL,'2024-03-14 21:19:04.755714'),(464,8,'Статус заявки [9] изменен с [не выполнено] на [В работе]',NULL,'2024-03-14 21:19:04.755762'),(466,10,'Статус заявки [9] изменен с [не выполнено] на [В работе]',NULL,'2024-03-14 21:19:04.755817'),(467,3,'Статус заявки [9] изменен с [не выполнено] на [В работе]',NULL,'2024-03-14 21:19:04.755648'),(468,5,'Статус заявки [9] изменен с [не выполнено] на [В работе]',NULL,'2024-03-14 21:19:04.755693'),(469,4,'Статус заявки [9] изменен с [не выполнено] на [В работе]',NULL,'2024-03-14 21:19:04.755670'),(471,7,'Статус заявки [9] изменен с [не выполнено] на [В работе]',NULL,'2024-03-14 21:19:04.755744'),(472,9,'Статус заявки [9] изменен с [не выполнено] на [В работе]',NULL,'2024-03-14 21:19:04.755783'),(473,4,'Статус заявки [5] изменен с [В работе] на [Выполнено]',NULL,'2024-03-14 21:19:08.287641'),(474,10,'Статус заявки [5] изменен с [В работе] на [Выполнено]',NULL,'2024-03-14 21:19:08.287822'),(475,8,'Статус заявки [5] изменен с [В работе] на [Выполнено]',NULL,'2024-03-14 21:19:08.287764'),(478,5,'Статус заявки [5] изменен с [В работе] на [Выполнено]',NULL,'2024-03-14 21:19:08.287672'),(479,3,'Статус заявки [5] изменен с [В работе] на [Выполнено]',NULL,'2024-03-14 21:19:08.287609'),(480,7,'Статус заявки [5] изменен с [В работе] на [Выполнено]',NULL,'2024-03-14 21:19:08.287721'),(481,6,'Статус заявки [5] изменен с [В работе] на [Выполнено]',NULL,'2024-03-14 21:19:08.287699'),(482,9,'Статус заявки [5] изменен с [В работе] на [Выполнено]',NULL,'2024-03-14 21:19:08.287799'),(483,5,'Статус заявки [9] изменен с [В работе] на [Не выполнено]',NULL,'2024-03-14 21:19:14.250577'),(484,7,'Статус заявки [9] изменен с [В работе] на [Не выполнено]',NULL,'2024-03-14 21:19:14.250628'),(485,9,'Статус заявки [9] изменен с [В работе] на [Не выполнено]',NULL,'2024-03-14 21:19:14.250709'),(487,3,'Статус заявки [9] изменен с [В работе] на [Не выполнено]',NULL,'2024-03-14 21:19:14.250569'),(488,6,'Статус заявки [9] изменен с [В работе] на [Не выполнено]',NULL,'2024-03-14 21:19:14.250603'),(490,8,'Статус заявки [9] изменен с [В работе] на [Не выполнено]',NULL,'2024-03-14 21:19:14.250661'),(491,10,'Статус заявки [9] изменен с [В работе] на [Не выполнено]',NULL,'2024-03-14 21:19:14.250744'),(492,4,'Статус заявки [9] изменен с [В работе] на [Не выполнено]',NULL,'2024-03-14 21:19:14.250569'),(493,7,'Статус заявки [5] изменен с [Выполнено] на [В работе]',NULL,'2024-03-14 21:19:19.536738'),(494,3,'Статус заявки [5] изменен с [Выполнено] на [В работе]',NULL,'2024-03-14 21:19:19.536631'),(495,6,'Статус заявки [5] изменен с [Выполнено] на [В работе]',NULL,'2024-03-14 21:19:19.536710'),(497,10,'Статус заявки [5] изменен с [Выполнено] на [В работе]',NULL,'2024-03-14 21:19:19.536827'),(498,5,'Статус заявки [5] изменен с [Выполнено] на [В работе]',NULL,'2024-03-14 21:19:19.536679'),(499,9,'Статус заявки [5] изменен с [Выполнено] на [В работе]',NULL,'2024-03-14 21:19:19.536784'),(500,8,'Статус заявки [5] изменен с [Выполнено] на [В работе]',NULL,'2024-03-14 21:19:19.536762'),(502,4,'Статус заявки [5] изменен с [Выполнено] на [В работе]',NULL,'2024-03-14 21:19:19.536657'),(503,9,'Статус заявки [7] изменен с [не выполнено] на [В работе]',NULL,'2024-03-14 21:19:23.541995'),(505,6,'Статус заявки [7] изменен с [не выполнено] на [В работе]',NULL,'2024-03-14 21:19:23.541901'),(507,7,'Статус заявки [7] изменен с [не выполнено] на [В работе]',NULL,'2024-03-14 21:19:23.541930'),(508,8,'Статус заявки [7] изменен с [не выполнено] на [В работе]',NULL,'2024-03-14 21:19:23.541962'),(509,10,'Статус заявки [7] изменен с [не выполнено] на [В работе]',NULL,'2024-03-14 21:19:23.542022'),(510,4,'Статус заявки [7] изменен с [не выполнено] на [В работе]',NULL,'2024-03-14 21:19:23.541869'),(511,5,'Статус заявки [7] изменен с [не выполнено] на [В работе]',NULL,'2024-03-14 21:19:23.541880'),(512,3,'Статус заявки [7] изменен с [не выполнено] на [В работе]',NULL,'2024-03-14 21:19:23.541829'),(514,9,'Статус заявки [5] изменен с [В работе] на [Не выполнено]',NULL,'2024-03-14 21:19:29.432679'),(515,4,'Статус заявки [5] изменен с [В работе] на [Не выполнено]',NULL,'2024-03-14 21:19:29.432472'),(516,3,'Статус заявки [5] изменен с [В работе] на [Не выполнено]',NULL,'2024-03-14 21:19:29.432409'),(517,5,'Статус заявки [5] изменен с [В работе] на [Не выполнено]',NULL,'2024-03-14 21:19:29.432484'),(519,7,'Статус заявки [5] изменен с [В работе] на [Не выполнено]',NULL,'2024-03-14 21:19:29.432551'),(520,8,'Статус заявки [5] изменен с [В работе] на [Не выполнено]',NULL,'2024-03-14 21:19:29.432655'),(521,10,'Статус заявки [5] изменен с [В работе] на [Не выполнено]',NULL,'2024-03-14 21:19:29.432703'),(522,6,'Статус заявки [5] изменен с [В работе] на [Не выполнено]',NULL,'2024-03-14 21:19:29.432520'),(523,6,'Статус заявки [6] изменен с [Не выполнено] на [В работе]',NULL,'2024-03-14 21:19:36.652482'),(524,7,'Статус заявки [6] изменен с [Не выполнено] на [В работе]',NULL,'2024-03-14 21:19:36.652512'),(525,8,'Статус заявки [6] изменен с [Не выполнено] на [В работе]',NULL,'2024-03-14 21:19:36.652539'),(526,9,'Статус заявки [6] изменен с [Не выполнено] на [В работе]',NULL,'2024-03-14 21:19:36.652566'),(528,10,'Статус заявки [6] изменен с [Не выполнено] на [В работе]',NULL,'2024-03-14 21:19:36.652595'),(529,4,'Статус заявки [6] изменен с [Не выполнено] на [В работе]',NULL,'2024-03-14 21:19:36.652414'),(530,5,'Статус заявки [6] изменен с [Не выполнено] на [В работе]',NULL,'2024-03-14 21:19:36.652454'),(532,3,'Статус заявки [6] изменен с [Не выполнено] на [В работе]',NULL,'2024-03-14 21:19:36.652391'),(535,7,'Статус заявки [6] изменен с [В работе] на [Не выполнено]',NULL,'2024-03-14 21:19:44.012526'),(536,4,'Статус заявки [6] изменен с [В работе] на [Не выполнено]',NULL,'2024-03-14 21:19:44.012408'),(537,10,'Статус заявки [6] изменен с [В работе] на [Не выполнено]',NULL,'2024-03-14 21:19:44.012604'),(538,9,'Статус заявки [6] изменен с [В работе] на [Не выполнено]',NULL,'2024-03-14 21:19:44.012573'),(539,3,'Статус заявки [6] изменен с [В работе] на [Не выполнено]',NULL,'2024-03-14 21:19:44.012408'),(540,8,'Статус заявки [6] изменен с [В работе] на [Не выполнено]',NULL,'2024-03-14 21:19:44.012555'),(541,6,'Статус заявки [6] изменен с [В работе] на [Не выполнено]',NULL,'2024-03-14 21:19:44.012441'),(542,5,'Статус заявки [6] изменен с [В работе] на [Не выполнено]',NULL,'2024-03-14 21:19:44.012415'),(543,6,'Статус заявки [1] изменен с [Выполнено] на [В работе]',NULL,'2024-03-14 21:19:48.862426'),(544,4,'Статус заявки [1] изменен с [Выполнено] на [В работе]',NULL,'2024-03-14 21:19:48.862375'),(545,10,'Статус заявки [1] изменен с [Выполнено] на [В работе]',NULL,'2024-03-14 21:19:48.862562'),(546,3,'Статус заявки [1] изменен с [Выполнено] на [В работе]',NULL,'2024-03-14 21:19:48.862342'),(547,9,'Статус заявки [1] изменен с [Выполнено] на [В работе]',NULL,'2024-03-14 21:19:48.862534'),(548,8,'Статус заявки [1] изменен с [Выполнено] на [В работе]',NULL,'2024-03-14 21:19:48.862508'),(549,7,'Статус заявки [1] изменен с [Выполнено] на [В работе]',NULL,'2024-03-14 21:19:48.862472'),(552,5,'Статус заявки [1] изменен с [Выполнено] на [В работе]',NULL,'2024-03-14 21:19:48.862398'),(553,8,'Статус заявки [4] изменен с [В работе] на [Выполнено]',NULL,'2024-03-14 21:19:53.788205'),(554,6,'Статус заявки [4] изменен с [В работе] на [Выполнено]',NULL,'2024-03-14 21:19:53.788150'),(556,4,'Статус заявки [4] изменен с [В работе] на [Выполнено]',NULL,'2024-03-14 21:19:53.788101'),(558,9,'Статус заявки [4] изменен с [В работе] на [Выполнено]',NULL,'2024-03-14 21:19:53.788246'),(559,7,'Статус заявки [4] изменен с [В работе] на [Выполнено]',NULL,'2024-03-14 21:19:53.788172'),(560,10,'Статус заявки [4] изменен с [В работе] на [Выполнено]',NULL,'2024-03-14 21:19:53.788276'),(561,3,'Статус заявки [4] изменен с [В работе] на [Выполнено]',NULL,'2024-03-14 21:19:53.788091'),(562,5,'Статус заявки [4] изменен с [В работе] на [Выполнено]',NULL,'2024-03-14 21:19:53.788126'),(564,4,'Статус заявки [6] изменен с [Не выполнено] на [В работе]',NULL,'2024-03-14 21:19:58.506207'),(565,6,'Статус заявки [6] изменен с [Не выполнено] на [В работе]',NULL,'2024-03-14 21:19:58.506248'),(566,5,'Статус заявки [6] изменен с [Не выполнено] на [В работе]',NULL,'2024-03-14 21:19:58.506224'),(567,3,'Статус заявки [6] изменен с [Не выполнено] на [В работе]',NULL,'2024-03-14 21:19:58.506207'),(568,8,'Статус заявки [6] изменен с [Не выполнено] на [В работе]',NULL,'2024-03-14 21:19:58.506299'),(569,9,'Статус заявки [6] изменен с [Не выполнено] на [В работе]',NULL,'2024-03-14 21:19:58.506328'),(570,7,'Статус заявки [6] изменен с [Не выполнено] на [В работе]',NULL,'2024-03-14 21:19:58.506268'),(572,10,'Статус заявки [6] изменен с [Не выполнено] на [В работе]',NULL,'2024-03-14 21:19:58.506361'),(575,4,'Статус заявки [3] изменен с [В работе] на [Не выполнено]',NULL,'2024-03-14 21:23:00.347519'),(576,3,'Статус заявки [3] изменен с [В работе] на [Не выполнено]',NULL,'2024-03-14 21:23:00.347372'),(577,7,'Статус заявки [3] изменен с [В работе] на [Не выполнено]',NULL,'2024-03-14 21:23:00.347759'),(578,5,'Статус заявки [3] изменен с [В работе] на [Не выполнено]',NULL,'2024-03-14 21:23:00.347726'),(579,6,'Статус заявки [3] изменен с [В работе] на [Не выполнено]',NULL,'2024-03-14 21:23:00.347735'),(580,8,'Статус заявки [3] изменен с [В работе] на [Не выполнено]',NULL,'2024-03-14 21:23:00.347793'),(581,10,'Статус заявки [3] изменен с [В работе] на [Не выполнено]',NULL,'2024-03-14 21:23:00.348095'),(582,9,'Статус заявки [3] изменен с [В работе] на [Не выполнено]',NULL,'2024-03-14 21:23:00.348094'),(583,3,'Статус заявки [1] изменен с [В работе] на [Не выполнено]',NULL,'2024-03-14 21:23:11.005310'),(584,6,'Статус заявки [1] изменен с [В работе] на [Не выполнено]',NULL,'2024-03-14 21:23:11.005398'),(585,8,'Статус заявки [1] изменен с [В работе] на [Не выполнено]',NULL,'2024-03-14 21:23:11.005458'),(586,5,'Статус заявки [1] изменен с [В работе] на [Не выполнено]',NULL,'2024-03-14 21:23:11.005373'),(587,7,'Статус заявки [1] изменен с [В работе] на [Не выполнено]',NULL,'2024-03-14 21:23:11.005415'),(589,4,'Статус заявки [1] изменен с [В работе] на [Не выполнено]',NULL,'2024-03-14 21:23:11.005342'),(591,9,'Статус заявки [1] изменен с [В работе] на [Не выполнено]',NULL,'2024-03-14 21:23:11.005760'),(592,10,'Статус заявки [1] изменен с [В работе] на [Не выполнено]',NULL,'2024-03-14 21:23:11.005950'),(593,3,'Статус заявки [4] изменен с [Выполнено] на [В работе]',NULL,'2024-03-14 21:24:23.484896'),(595,6,'Статус заявки [4] изменен с [Выполнено] на [В работе]',NULL,'2024-03-14 21:24:23.485138'),(596,5,'Статус заявки [4] изменен с [Выполнено] на [В работе]',NULL,'2024-03-14 21:24:23.485121'),(597,4,'Статус заявки [4] изменен с [Выполнено] на [В работе]',NULL,'2024-03-14 21:24:23.485116'),(599,7,'Статус заявки [4] изменен с [Выполнено] на [В работе]',NULL,'2024-03-14 21:24:23.485325'),(600,8,'Статус заявки [4] изменен с [Выполнено] на [В работе]',NULL,'2024-03-14 21:24:23.485440'),(601,9,'Статус заявки [4] изменен с [Выполнено] на [В работе]',NULL,'2024-03-14 21:24:23.485461'),(602,10,'Статус заявки [4] изменен с [Выполнено] на [В работе]',NULL,'2024-03-14 21:24:23.485509'),(604,7,'Статус заявки [1] изменен с [Не выполнено] на [Выполнено]',NULL,'2024-03-14 21:24:27.335612'),(606,6,'Статус заявки [1] изменен с [Не выполнено] на [Выполнено]',NULL,'2024-03-14 21:24:27.335579'),(607,3,'Статус заявки [1] изменен с [Не выполнено] на [Выполнено]',NULL,'2024-03-14 21:24:27.335490'),(608,5,'Статус заявки [1] изменен с [Не выполнено] на [Выполнено]',NULL,'2024-03-14 21:24:27.335560'),(609,4,'Статус заявки [1] изменен с [Не выполнено] на [Выполнено]',NULL,'2024-03-14 21:24:27.335529'),(610,8,'Статус заявки [1] изменен с [Не выполнено] на [Выполнено]',NULL,'2024-03-14 21:24:27.336181'),(611,9,'Статус заявки [1] изменен с [Не выполнено] на [Выполнено]',NULL,'2024-03-14 21:24:27.336182'),(612,10,'Статус заявки [1] изменен с [Не выполнено] на [Выполнено]',NULL,'2024-03-14 21:24:27.336190'),(613,7,'Статус заявки [4] изменен с [В работе] на [Не выполнено]',NULL,'2024-03-14 21:24:33.255386'),(614,3,'Статус заявки [4] изменен с [В работе] на [Не выполнено]',NULL,'2024-03-14 21:24:33.255291'),(615,9,'Статус заявки [4] изменен с [В работе] на [Не выполнено]',NULL,'2024-03-14 21:24:33.255436'),(616,5,'Статус заявки [4] изменен с [В работе] на [Не выполнено]',NULL,'2024-03-14 21:24:33.255325'),(618,8,'Статус заявки [4] изменен с [В работе] на [Не выполнено]',NULL,'2024-03-14 21:24:33.255415'),(620,4,'Статус заявки [4] изменен с [В работе] на [Не выполнено]',NULL,'2024-03-14 21:24:33.255298'),(621,6,'Статус заявки [4] изменен с [В работе] на [Не выполнено]',NULL,'2024-03-14 21:24:33.255349'),(622,10,'Статус заявки [4] изменен с [В работе] на [Не выполнено]',NULL,'2024-03-14 21:24:33.255851'),(624,3,'Статус заявки [3] изменен с [Не выполнено] на [Выполнено]',NULL,'2024-03-14 21:27:07.352254'),(626,5,'Статус заявки [3] изменен с [Не выполнено] на [Выполнено]',NULL,'2024-03-14 21:27:07.352523'),(627,4,'Статус заявки [3] изменен с [Не выполнено] на [Выполнено]',NULL,'2024-03-14 21:27:07.352404'),(628,7,'Статус заявки [3] изменен с [Не выполнено] на [Выполнено]',NULL,'2024-03-14 21:27:07.352748'),(629,8,'Статус заявки [3] изменен с [Не выполнено] на [Выполнено]',NULL,'2024-03-14 21:27:07.352755'),(630,6,'Статус заявки [3] изменен с [Не выполнено] на [Выполнено]',NULL,'2024-03-14 21:27:07.352747'),(631,9,'Статус заявки [3] изменен с [Не выполнено] на [Выполнено]',NULL,'2024-03-14 21:27:07.352757'),(632,10,'Статус заявки [3] изменен с [Не выполнено] на [Выполнено]',NULL,'2024-03-14 21:27:07.352925'),(633,9,'Статус заявки [12] изменен с [] на [Не выполнено]',NULL,'2024-03-17 18:47:46.914798'),(634,4,'Статус заявки [12] изменен с [] на [Не выполнено]',NULL,'2024-03-17 18:47:46.914745'),(635,6,'Статус заявки [12] изменен с [] на [Не выполнено]',NULL,'2024-03-17 18:47:46.914781'),(636,5,'Статус заявки [12] изменен с [] на [Не выполнено]',NULL,'2024-03-17 18:47:46.914761'),(638,8,'Статус заявки [12] изменен с [] на [Не выполнено]',NULL,'2024-03-17 18:47:46.914745'),(639,7,'Статус заявки [12] изменен с [] на [Не выполнено]',NULL,'2024-03-17 18:47:46.914789'),(640,10,'Статус заявки [12] изменен с [] на [Не выполнено]',NULL,'2024-03-17 18:47:46.914753'),(641,3,'Статус заявки [12] изменен с [] на [Не выполнено]',NULL,'2024-03-17 18:47:46.914772'),(643,3,'Статус заявки [12] изменен с [Не выполнено] на [Выполнено]',NULL,'2024-03-17 19:14:13.967196'),(644,4,'Статус заявки [12] изменен с [Не выполнено] на [Выполнено]',NULL,'2024-03-17 19:14:13.967177'),(645,6,'Статус заявки [12] изменен с [Не выполнено] на [Выполнено]',NULL,'2024-03-17 19:14:13.967395'),(646,7,'Статус заявки [12] изменен с [Не выполнено] на [Выполнено]',NULL,'2024-03-17 19:14:13.967961'),(647,10,'Статус заявки [12] изменен с [Не выполнено] на [Выполнено]',NULL,'2024-03-17 19:14:13.967993'),(648,2,'Статус заявки [12] изменен с [Не выполнено] на [Выполнено]',NULL,'2024-03-17 19:14:13.967206'),(649,8,'Статус заявки [12] изменен с [Не выполнено] на [Выполнено]',NULL,'2024-03-17 19:14:13.967978'),(650,5,'Статус заявки [12] изменен с [Не выполнено] на [Выполнено]',NULL,'2024-03-17 19:14:13.967212'),(652,9,'Статус заявки [12] изменен с [Не выполнено] на [Выполнено]',NULL,'2024-03-17 19:14:13.967984'),(653,5,'Статус заявки [12] изменен с [Выполнено] на [Не выполнено]',NULL,'2024-03-17 19:14:26.376582'),(654,2,'Статус заявки [12] изменен с [Выполнено] на [Не выполнено]',NULL,'2024-03-17 19:14:26.376558'),(655,6,'Статус заявки [12] изменен с [Выполнено] на [Не выполнено]',NULL,'2024-03-17 19:14:26.376594'),(656,4,'Статус заявки [12] изменен с [Выполнено] на [Не выполнено]',NULL,'2024-03-17 19:14:26.376559'),(657,9,'Статус заявки [12] изменен с [Выполнено] на [Не выполнено]',NULL,'2024-03-17 19:14:26.376677'),(659,7,'Статус заявки [12] изменен с [Выполнено] на [Не выполнено]',NULL,'2024-03-17 19:14:26.376645'),(660,3,'Статус заявки [12] изменен с [Выполнено] на [Не выполнено]',NULL,'2024-03-17 19:14:26.376558'),(661,10,'Статус заявки [12] изменен с [Выполнено] на [Не выполнено]',NULL,'2024-03-17 19:14:26.376707'),(662,8,'Статус заявки [12] изменен с [Выполнено] на [Не выполнено]',NULL,'2024-03-17 19:14:26.376661'),(663,2,'Статус заявки [14] изменен с [Не выполнено] на [В работе]',NULL,'2024-03-17 19:15:17.819828'),(664,3,'Статус заявки [14] изменен с [Не выполнено] на [В работе]',NULL,'2024-03-17 19:15:17.820059'),(665,4,'Статус заявки [14] изменен с [Не выполнено] на [В работе]',NULL,'2024-03-17 19:15:17.820196'),(666,5,'Статус заявки [14] изменен с [Не выполнено] на [В работе]',NULL,'2024-03-17 19:15:17.820410'),(668,6,'Статус заявки [14] изменен с [Не выполнено] на [В работе]',NULL,'2024-03-17 19:15:17.820552'),(669,7,'Статус заявки [14] изменен с [Не выполнено] на [В работе]',NULL,'2024-03-17 19:15:17.820655'),(670,10,'Статус заявки [14] изменен с [Не выполнено] на [В работе]',NULL,'2024-03-17 19:15:17.820846'),(671,8,'Статус заявки [14] изменен с [Не выполнено] на [В работе]',NULL,'2024-03-17 19:15:17.820819'),(672,9,'Статус заявки [14] изменен с [Не выполнено] на [В работе]',NULL,'2024-03-17 19:15:17.820867'),(673,1,'Статус заявки [12] изменен с [Не выполнено] на [Выполнено]',NULL,'2024-03-17 19:21:06.953700'),(674,10,'Статус заявки [12] изменен с [Не выполнено] на [Выполнено]',NULL,'2024-03-17 19:21:06.954193'),(675,5,'Статус заявки [12] изменен с [Не выполнено] на [Выполнено]',NULL,'2024-03-17 19:21:06.953736'),(676,6,'Статус заявки [12] изменен с [Не выполнено] на [Выполнено]',NULL,'2024-03-17 19:21:06.953714'),(677,7,'Статус заявки [12] изменен с [Не выполнено] на [Выполнено]',NULL,'2024-03-17 19:21:06.954160'),(678,8,'Статус заявки [12] изменен с [Не выполнено] на [Выполнено]',NULL,'2024-03-17 19:21:06.954170'),(679,4,'Статус заявки [12] изменен с [Не выполнено] на [Выполнено]',NULL,'2024-03-17 19:21:06.953722'),(680,2,'Статус заявки [12] изменен с [Не выполнено] на [Выполнено]',NULL,'2024-03-17 19:21:06.953693'),(681,9,'Статус заявки [12] изменен с [Не выполнено] на [Выполнено]',NULL,'2024-03-17 19:21:06.954178'),(682,3,'Статус заявки [12] изменен с [Не выполнено] на [Выполнено]',NULL,'2024-03-17 19:21:06.953743'),(683,1,'Статус заявки [10] изменен с [не выполнено] на [Выполнено]',NULL,'2024-03-17 19:21:24.212277'),(684,6,'Статус заявки [10] изменен с [не выполнено] на [Выполнено]',NULL,'2024-03-17 19:21:24.212334'),(685,9,'Статус заявки [10] изменен с [не выполнено] на [Выполнено]',NULL,'2024-03-17 19:21:24.212389'),(686,7,'Статус заявки [10] изменен с [не выполнено] на [Выполнено]',NULL,'2024-03-17 19:21:24.212349'),(687,2,'Статус заявки [10] изменен с [не выполнено] на [Выполнено]',NULL,'2024-03-17 19:21:24.212297'),(688,8,'Статус заявки [10] изменен с [не выполнено] на [Выполнено]',NULL,'2024-03-17 19:21:24.212375'),(689,5,'Статус заявки [10] изменен с [не выполнено] на [Выполнено]',NULL,'2024-03-17 19:21:24.212322'),(690,4,'Статус заявки [10] изменен с [не выполнено] на [Выполнено]',NULL,'2024-03-17 19:21:24.212310'),(691,3,'Статус заявки [10] изменен с [не выполнено] на [Выполнено]',NULL,'2024-03-17 19:21:24.212278'),(692,10,'Статус заявки [10] изменен с [не выполнено] на [Выполнено]',NULL,'2024-03-17 19:21:24.212406'),(693,3,'Статус заявки [8] изменен с [не выполнено] на [В работе]',NULL,'2024-03-17 19:21:53.439197'),(694,5,'Статус заявки [8] изменен с [не выполнено] на [В работе]',NULL,'2024-03-17 19:21:53.439546'),(695,2,'Статус заявки [8] изменен с [не выполнено] на [В работе]',NULL,'2024-03-17 19:21:53.438977'),(696,4,'Статус заявки [8] изменен с [не выполнено] на [В работе]',NULL,'2024-03-17 19:21:53.439399'),(697,6,'Статус заявки [8] изменен с [не выполнено] на [В работе]',NULL,'2024-03-17 19:21:53.439650'),(698,1,'Статус заявки [8] изменен с [не выполнено] на [В работе]',NULL,'2024-03-17 19:21:53.438936'),(699,7,'Статус заявки [8] изменен с [не выполнено] на [В работе]',NULL,'2024-03-17 19:21:53.439796'),(700,10,'Статус заявки [8] изменен с [не выполнено] на [В работе]',NULL,'2024-03-17 19:21:53.440001'),(701,9,'Статус заявки [8] изменен с [не выполнено] на [В работе]',NULL,'2024-03-17 19:21:53.439954'),(702,8,'Статус заявки [8] изменен с [не выполнено] на [В работе]',NULL,'2024-03-17 19:21:53.439947'),(703,6,'Статус заявки [14] изменен с [В работе] на [Выполнено]',NULL,'2024-03-29 12:43:46.137610'),(704,1,'Статус заявки [14] изменен с [В работе] на [Выполнено]',NULL,'2024-03-29 12:43:46.137689'),(705,10,'Статус заявки [14] изменен с [В работе] на [Выполнено]',NULL,'2024-03-29 12:43:46.137798'),(706,5,'Статус заявки [14] изменен с [В работе] на [Выполнено]',NULL,'2024-03-29 12:43:46.137646'),(707,2,'Статус заявки [14] изменен с [В работе] на [Выполнено]',NULL,'2024-03-29 12:43:46.137724'),(708,7,'Статус заявки [14] изменен с [В работе] на [Выполнено]',NULL,'2024-03-29 12:43:46.137726'),(709,8,'Статус заявки [14] изменен с [В работе] на [Выполнено]',NULL,'2024-03-29 12:43:46.137752'),(710,9,'Статус заявки [14] изменен с [В работе] на [Выполнено]',NULL,'2024-03-29 12:43:46.137780'),(711,3,'Статус заявки [14] изменен с [В работе] на [Выполнено]',NULL,'2024-03-29 12:43:46.137664'),(712,4,'Статус заявки [14] изменен с [В работе] на [Выполнено]',NULL,'2024-03-29 12:43:46.137630'),(713,2,'Статус заявки [15] изменен с [Не выполнено] на [Выполнено]',NULL,'2024-03-29 13:21:07.084233'),(714,1,'Статус заявки [15] изменен с [Не выполнено] на [Выполнено]',NULL,'2024-03-29 13:21:07.084221'),(715,11,'Статус заявки [15] изменен с [Не выполнено] на [Выполнено]',NULL,'2024-03-29 13:21:07.231933');
/*!40000 ALTER TABLE `notifications` ENABLE KEYS */;
UNLOCK TABLES;

--
-- Table structure for table `type_equipment`
--

DROP TABLE IF EXISTS `type_equipment`;
/*!40101 SET @saved_cs_client     = @@character_set_client */;
/*!50503 SET character_set_client = utf8mb4 */;
CREATE TABLE `type_equipment` (
  `id_type_equipment` int NOT NULL,
  `name` varchar(45) DEFAULT NULL,
  PRIMARY KEY (`id_type_equipment`)
) ENGINE=InnoDB DEFAULT CHARSET=utf8mb4 COLLATE=utf8mb4_0900_ai_ci;
/*!40101 SET character_set_client = @saved_cs_client */;

--
-- Dumping data for table `type_equipment`
--

LOCK TABLES `type_equipment` WRITE;
/*!40000 ALTER TABLE `type_equipment` DISABLE KEYS */;
INSERT INTO `type_equipment` VALUES (1,'Ноутбук'),(2,'Холодильник'),(3,'Телефон'),(4,'Утюг'),(5,'Стиральная машина'),(6,'Телевизор'),(7,'Микроволновка '),(8,'Приставка'),(9,'Фен'),(10,'Планшет');
/*!40000 ALTER TABLE `type_equipment` ENABLE KEYS */;
UNLOCK TABLES;

--
-- Table structure for table `type_problem`
--

DROP TABLE IF EXISTS `type_problem`;
/*!40101 SET @saved_cs_client     = @@character_set_client */;
/*!50503 SET character_set_client = utf8mb4 */;
CREATE TABLE `type_problem` (
  `id_type_problemt` int NOT NULL AUTO_INCREMENT COMMENT 'тип неисправностей',
  `name` varchar(45) DEFAULT NULL,
  PRIMARY KEY (`id_type_problemt`)
) ENGINE=InnoDB AUTO_INCREMENT=6 DEFAULT CHARSET=utf8mb4 COLLATE=utf8mb4_0900_ai_ci;
/*!40101 SET character_set_client = @saved_cs_client */;

--
-- Dumping data for table `type_problem`
--

LOCK TABLES `type_problem` WRITE;
/*!40000 ALTER TABLE `type_problem` DISABLE KEYS */;
INSERT INTO `type_problem` VALUES (1,'Небольшое повреждение'),(2,'Повреждение'),(3,'Нарушение функционирования'),(4,'Отказ'),(5,'Периодические сбои');
/*!40000 ALTER TABLE `type_problem` ENABLE KEYS */;
UNLOCK TABLES;

--
-- Table structure for table `user`
--

DROP TABLE IF EXISTS `user`;
/*!40101 SET @saved_cs_client     = @@character_set_client */;
/*!50503 SET character_set_client = utf8mb4 */;
CREATE TABLE `user` (
  `id_user` int NOT NULL,
  `login` varchar(20) DEFAULT NULL,
  `password` varchar(64) DEFAULT NULL,
  `fullname_user` varchar(100) DEFAULT NULL,
  `role` varchar(45) DEFAULT NULL,
  PRIMARY KEY (`id_user`)
) ENGINE=InnoDB DEFAULT CHARSET=utf8mb4 COLLATE=utf8mb4_0900_ai_ci;
/*!40101 SET character_set_client = @saved_cs_client */;

--
-- Dumping data for table `user`
--

LOCK TABLES `user` WRITE;
/*!40000 ALTER TABLE `user` DISABLE KEYS */;
INSERT INTO `user` VALUES (1,'login1@gmail.com','password1','Иванов Иван Иванович','Диспетчер'),(2,'login2@gmail.com','password2','Сидеренко Михаил Владимирович','Диспетчер'),(3,'login3@gmail.com','password3','Салоха Петр Ильич','Исполнитель'),(4,'login4@gmail.com','password4','Гниденко Анна Викторовна','Исполнитель'),(5,'login5@gmail.com','password5','Альметова Владлена Серьгеевна ','Исполнитель'),(6,'login6@gmail.com','password6','Ханбаев Артур Анварович','Исполнитель'),(7,'login7@gmail.com','password7','Туренков Анастия Рифовна','Исполнитель'),(8,'login8@gmail.com','password8','Тувошов Владимир Алексеевич ','Исполнитель'),(9,'login9@gmail.com','password9','Голоша Андрей Егорович','Исполнитель'),(10,'login10@gmail.com','password10','Хамданов Магомед Махинкамалович','Исполнитель'),(11,'login11@gmail.com','p11','Красильников Роман Арсеньевич','Клиент');
/*!40000 ALTER TABLE `user` ENABLE KEYS */;
UNLOCK TABLES;
/*!40103 SET TIME_ZONE=@OLD_TIME_ZONE */;

/*!40101 SET SQL_MODE=@OLD_SQL_MODE */;
/*!40014 SET FOREIGN_KEY_CHECKS=@OLD_FOREIGN_KEY_CHECKS */;
/*!40014 SET UNIQUE_CHECKS=@OLD_UNIQUE_CHECKS */;
/*!40101 SET CHARACTER_SET_CLIENT=@OLD_CHARACTER_SET_CLIENT */;
/*!40101 SET CHARACTER_SET_RESULTS=@OLD_CHARACTER_SET_RESULTS */;
/*!40101 SET COLLATION_CONNECTION=@OLD_COLLATION_CONNECTION */;
/*!40111 SET SQL_NOTES=@OLD_SQL_NOTES */;

-- Dump completed on 2024-05-03 18:22:04
